{"AMT_INCOME_TOTAL": -0.09313337743754035, "AMT_CREDIT": 0.1920818791540177, "REGION_POPULATION_RELATIVE": 0.26957000753727645, "CREDIT_INCOME_PERCENT": 0.1355584126403995}